[{"id":"06HL4z0CvFAxyc27GXpf02","name":"Taylor Swift","spotify_url":"https:\/\/open.spotify.com\/artist\/06HL4z0CvFAxyc27GXpf02","href":"https:\/\/api.spotify.com\/v1\/artists\/06HL4z0CvFAxyc27GXpf02","uri":"spotify:artist:06HL4z0CvFAxyc27GXpf02","images":"[{\"url\": \"https:\/\/i.scdn.co\/image\/ab6761610000e5eb859e4c14fa59296c8649e0e4\", \"width\": 640, \"height\": 640}, {\"url\": \"https:\/\/i.scdn.co\/image\/ab67616100005174859e4c14fa59296c8649e0e4\", \"width\": 320, \"height\": 320}, {\"url\": \"https:\/\/i.scdn.co\/image\/ab6761610000f178859e4c14fa59296c8649e0e4\", \"width\": 160, \"height\": 160}]","genres":"[\"pop\"]","popularity":100,"followers":0,"count":11040},{"id":"00FQb4jTyendYWaN8pK0wa","name":"Lana Del Rey","spotify_url":"https:\/\/open.spotify.com\/artist\/00FQb4jTyendYWaN8pK0wa","href":"https:\/\/api.spotify.com\/v1\/artists\/00FQb4jTyendYWaN8pK0wa","uri":"spotify:artist:00FQb4jTyendYWaN8pK0wa","images":"[{\"url\": \"https:\/\/i.scdn.co\/image\/ab6761610000e5ebb99cacf8acd5378206767261\", \"width\": 640, \"height\": 640}, {\"url\": \"https:\/\/i.scdn.co\/image\/ab67616100005174b99cacf8acd5378206767261\", \"width\": 320, \"height\": 320}, {\"url\": \"https:\/\/i.scdn.co\/image\/ab6761610000f178b99cacf8acd5378206767261\", \"width\": 160, \"height\": 160}]","genres":"[\"art pop\", \"pop\"]","popularity":88,"followers":0,"count":6655},{"id":"6qqNVTkY8uBg9cP3Jd7DAH","name":"Billie Eilish","spotify_url":"https:\/\/open.spotify.com\/artist\/6qqNVTkY8uBg9cP3Jd7DAH","href":"https:\/\/api.spotify.com\/v1\/artists\/6qqNVTkY8uBg9cP3Jd7DAH","uri":"spotify:artist:6qqNVTkY8uBg9cP3Jd7DAH","images":"[{\"url\": \"https:\/\/i.scdn.co\/image\/ab6761610000e5ebd8b9980db67272cb4d2c3daf\", \"width\": 640, \"height\": 640}, {\"url\": \"https:\/\/i.scdn.co\/image\/ab67616100005174d8b9980db67272cb4d2c3daf\", \"width\": 320, \"height\": 320}, {\"url\": \"https:\/\/i.scdn.co\/image\/ab6761610000f178d8b9980db67272cb4d2c3daf\", \"width\": 160, \"height\": 160}]","genres":"[\"art pop\", \"pop\"]","popularity":86,"followers":0,"count":5158},{"id":"2dIgFjalVxs4ThymZ67YCE","name":"Stray Kids","spotify_url":"https:\/\/open.spotify.com\/artist\/2dIgFjalVxs4ThymZ67YCE","href":"https:\/\/api.spotify.com\/v1\/artists\/2dIgFjalVxs4ThymZ67YCE","uri":"spotify:artist:2dIgFjalVxs4ThymZ67YCE","images":"[{\"url\": \"https:\/\/i.scdn.co\/image\/ab6761610000e5eb0610877c41cb9cc12ad39cc0\", \"width\": 640, \"height\": 640}, {\"url\": \"https:\/\/i.scdn.co\/image\/ab676161000051740610877c41cb9cc12ad39cc0\", \"width\": 320, \"height\": 320}, {\"url\": \"https:\/\/i.scdn.co\/image\/ab6761610000f1780610877c41cb9cc12ad39cc0\", \"width\": 160, \"height\": 160}]","genres":"[\"k-pop\", \"k-pop boy group\", \"pop\"]","popularity":82,"followers":0,"count":3548},{"id":"0Y5tJX1MQlPlqiwlOH1tJY","name":"Travis Scott","spotify_url":"https:\/\/open.spotify.com\/artist\/0Y5tJX1MQlPlqiwlOH1tJY","href":"https:\/\/api.spotify.com\/v1\/artists\/0Y5tJX1MQlPlqiwlOH1tJY","uri":"spotify:artist:0Y5tJX1MQlPlqiwlOH1tJY","images":"[{\"url\": \"https:\/\/i.scdn.co\/image\/ab6761610000e5eb19c2790744c792d05570bb71\", \"width\": 640, \"height\": 640}, {\"url\": \"https:\/\/i.scdn.co\/image\/ab6761610000517419c2790744c792d05570bb71\", \"width\": 320, \"height\": 320}, {\"url\": \"https:\/\/i.scdn.co\/image\/ab6761610000f17819c2790744c792d05570bb71\", \"width\": 160, \"height\": 160}]","genres":"[\"hip hop\", \"rap\", \"slap house\"]","popularity":90,"followers":0,"count":3513},{"id":"1Xyo4u8uXC1ZmMpatF05PJ","name":"The Weeknd","spotify_url":"https:\/\/open.spotify.com\/artist\/1Xyo4u8uXC1ZmMpatF05PJ","href":"https:\/\/api.spotify.com\/v1\/artists\/1Xyo4u8uXC1ZmMpatF05PJ","uri":"spotify:artist:1Xyo4u8uXC1ZmMpatF05PJ","images":"[{\"url\": \"https:\/\/i.scdn.co\/image\/ab6761610000e5eb214f3cf1cbe7139c1e26ffbb\", \"width\": 640, \"height\": 640}, {\"url\": \"https:\/\/i.scdn.co\/image\/ab67616100005174214f3cf1cbe7139c1e26ffbb\", \"width\": 320, \"height\": 320}, {\"url\": \"https:\/\/i.scdn.co\/image\/ab6761610000f178214f3cf1cbe7139c1e26ffbb\", \"width\": 160, \"height\": 160}]","genres":"[\"canadian contemporary r&b\", \"canadian pop\", \"pop\"]","popularity":92,"followers":0,"count":3074},{"id":"2uYWxilOVlUdk4oV9DvwqK","name":"Mitski","spotify_url":"https:\/\/open.spotify.com\/artist\/2uYWxilOVlUdk4oV9DvwqK","href":"https:\/\/api.spotify.com\/v1\/artists\/2uYWxilOVlUdk4oV9DvwqK","uri":"spotify:artist:2uYWxilOVlUdk4oV9DvwqK","images":"[{\"url\": \"https:\/\/i.scdn.co\/image\/ab6761610000e5eb4bdb3888818637acb71c4a13\", \"width\": 640, \"height\": 640}, {\"url\": \"https:\/\/i.scdn.co\/image\/ab676161000051744bdb3888818637acb71c4a13\", \"width\": 320, \"height\": 320}, {\"url\": \"https:\/\/i.scdn.co\/image\/ab6761610000f1784bdb3888818637acb71c4a13\", \"width\": 160, \"height\": 160}]","genres":"[\"brooklyn indie\", \"pov: indie\"]","popularity":82,"followers":0,"count":2914},{"id":"3TVXtAsR1Inumwj472S9r4","name":"Drake","spotify_url":"https:\/\/open.spotify.com\/artist\/3TVXtAsR1Inumwj472S9r4","href":"https:\/\/api.spotify.com\/v1\/artists\/3TVXtAsR1Inumwj472S9r4","uri":"spotify:artist:3TVXtAsR1Inumwj472S9r4","images":"[{\"url\": \"https:\/\/i.scdn.co\/image\/ab6761610000e5eb4293385d324db8558179afd9\", \"width\": 640, \"height\": 640}, {\"url\": \"https:\/\/i.scdn.co\/image\/ab676161000051744293385d324db8558179afd9\", \"width\": 320, \"height\": 320}, {\"url\": \"https:\/\/i.scdn.co\/image\/ab6761610000f1784293385d324db8558179afd9\", \"width\": 160, \"height\": 160}]","genres":"[\"canadian hip hop\", \"canadian pop\", \"hip hop\", \"pop rap\", \"rap\"]","popularity":95,"followers":0,"count":2606},{"id":"5K4W6rqBFWDnAN6FQUkS6x","name":"Kanye West","spotify_url":"https:\/\/open.spotify.com\/artist\/5K4W6rqBFWDnAN6FQUkS6x","href":"https:\/\/api.spotify.com\/v1\/artists\/5K4W6rqBFWDnAN6FQUkS6x","uri":"spotify:artist:5K4W6rqBFWDnAN6FQUkS6x","images":"[{\"url\": \"https:\/\/i.scdn.co\/image\/ab6761610000e5eb867008a971fae0f4d913f63a\", \"width\": 640, \"height\": 640}, {\"url\": \"https:\/\/i.scdn.co\/image\/ab67616100005174867008a971fae0f4d913f63a\", \"width\": 320, \"height\": 320}, {\"url\": \"https:\/\/i.scdn.co\/image\/ab6761610000f178867008a971fae0f4d913f63a\", \"width\": 160, \"height\": 160}]","genres":"[\"chicago rap\", \"hip hop\", \"rap\"]","popularity":88,"followers":0,"count":2530},{"id":"2YZyLoL8N0Wb9xBt1NhZWg","name":"Kendrick Lamar","spotify_url":"https:\/\/open.spotify.com\/artist\/2YZyLoL8N0Wb9xBt1NhZWg","href":"https:\/\/api.spotify.com\/v1\/artists\/2YZyLoL8N0Wb9xBt1NhZWg","uri":"spotify:artist:2YZyLoL8N0Wb9xBt1NhZWg","images":"[{\"url\": \"https:\/\/i.scdn.co\/image\/ab6761610000e5eb437b9e2a82505b3d93ff1022\", \"width\": 640, \"height\": 640}, {\"url\": \"https:\/\/i.scdn.co\/image\/ab67616100005174437b9e2a82505b3d93ff1022\", \"width\": 320, \"height\": 320}, {\"url\": \"https:\/\/i.scdn.co\/image\/ab6761610000f178437b9e2a82505b3d93ff1022\", \"width\": 160, \"height\": 160}]","genres":"[\"conscious hip hop\", \"hip hop\", \"rap\", \"west coast rap\"]","popularity":86,"followers":0,"count":2461},{"id":"2h93pZq0e7k5yf4dywlkpM","name":"Frank Ocean","spotify_url":"https:\/\/open.spotify.com\/artist\/2h93pZq0e7k5yf4dywlkpM","href":"https:\/\/api.spotify.com\/v1\/artists\/2h93pZq0e7k5yf4dywlkpM","uri":"spotify:artist:2h93pZq0e7k5yf4dywlkpM","images":"[{\"url\": \"https:\/\/i.scdn.co\/image\/ab6761610000e5ebee3123e593174208f9754fab\", \"width\": 640, \"height\": 640}, {\"url\": \"https:\/\/i.scdn.co\/image\/ab67616100005174ee3123e593174208f9754fab\", \"width\": 320, \"height\": 320}, {\"url\": \"https:\/\/i.scdn.co\/image\/ab6761610000f178ee3123e593174208f9754fab\", \"width\": 160, \"height\": 160}]","genres":"[\"lgbtq+ hip hop\", \"neo soul\"]","popularity":82,"followers":0,"count":2418},{"id":"25uiPmTg16RbhZWAqwLBy5","name":"Charli XCX","spotify_url":"https:\/\/open.spotify.com\/artist\/25uiPmTg16RbhZWAqwLBy5","href":"https:\/\/api.spotify.com\/v1\/artists\/25uiPmTg16RbhZWAqwLBy5","uri":"spotify:artist:25uiPmTg16RbhZWAqwLBy5","images":"[{\"url\": \"https:\/\/i.scdn.co\/image\/ab6761610000e5ebd1c0e4894fa3c5bafa785838\", \"width\": 640, \"height\": 640}, {\"url\": \"https:\/\/i.scdn.co\/image\/ab67616100005174d1c0e4894fa3c5bafa785838\", \"width\": 320, \"height\": 320}, {\"url\": \"https:\/\/i.scdn.co\/image\/ab6761610000f178d1c0e4894fa3c5bafa785838\", \"width\": 160, \"height\": 160}]","genres":"[\"art pop\", \"candy pop\", \"metropopolis\", \"pop\", \"uk pop\"]","popularity":73,"followers":0,"count":2329},{"id":"2kCcBybjl3SAtIcwdWpUe3","name":"Lil Peep","spotify_url":"https:\/\/open.spotify.com\/artist\/2kCcBybjl3SAtIcwdWpUe3","href":"https:\/\/api.spotify.com\/v1\/artists\/2kCcBybjl3SAtIcwdWpUe3","uri":"spotify:artist:2kCcBybjl3SAtIcwdWpUe3","images":"[{\"url\": \"https:\/\/i.scdn.co\/image\/ab6761610000e5eb6685f03de475c4efb27da3c4\", \"width\": 640, \"height\": 640}, {\"url\": \"https:\/\/i.scdn.co\/image\/ab676161000051746685f03de475c4efb27da3c4\", \"width\": 320, \"height\": 320}, {\"url\": \"https:\/\/i.scdn.co\/image\/ab6761610000f1786685f03de475c4efb27da3c4\", \"width\": 160, \"height\": 160}]","genres":"[\"cloud rap\", \"emo rap\", \"lgbtq+ hip hop\"]","popularity":80,"followers":0,"count":2221},{"id":"7dGJo4pcD2V6oG8kP0tJRR","name":"Eminem","spotify_url":"https:\/\/open.spotify.com\/artist\/7dGJo4pcD2V6oG8kP0tJRR","href":"https:\/\/api.spotify.com\/v1\/artists\/7dGJo4pcD2V6oG8kP0tJRR","uri":"spotify:artist:7dGJo4pcD2V6oG8kP0tJRR","images":"[{\"url\": \"https:\/\/i.scdn.co\/image\/ab6761610000e5eba00b11c129b27a88fc72f36b\", \"width\": 640, \"height\": 640}, {\"url\": \"https:\/\/i.scdn.co\/image\/ab67616100005174a00b11c129b27a88fc72f36b\", \"width\": 320, \"height\": 320}, {\"url\": \"https:\/\/i.scdn.co\/image\/ab6761610000f178a00b11c129b27a88fc72f36b\", \"width\": 160, \"height\": 160}]","genres":"[\"detroit hip hop\", \"hip hop\", \"rap\"]","popularity":94,"followers":86846133,"count":2140},{"id":"66CXWjxzNUsdJxJ2JdwvnR","name":"Ariana Grande","spotify_url":"https:\/\/open.spotify.com\/artist\/66CXWjxzNUsdJxJ2JdwvnR","href":"https:\/\/api.spotify.com\/v1\/artists\/66CXWjxzNUsdJxJ2JdwvnR","uri":"spotify:artist:66CXWjxzNUsdJxJ2JdwvnR","images":"[{\"url\": \"https:\/\/i.scdn.co\/image\/ab6761610000e5ebcdce7620dc940db079bf4952\", \"width\": 640, \"height\": 640}, {\"url\": \"https:\/\/i.scdn.co\/image\/ab67616100005174cdce7620dc940db079bf4952\", \"width\": 320, \"height\": 320}, {\"url\": \"https:\/\/i.scdn.co\/image\/ab6761610000f178cdce7620dc940db079bf4952\", \"width\": 160, \"height\": 160}]","genres":"[\"pop\"]","popularity":86,"followers":0,"count":2004},{"id":"1VPmR4DJC1PlOtd0IADAO0","name":"$uicideboy$","spotify_url":"https:\/\/open.spotify.com\/artist\/1VPmR4DJC1PlOtd0IADAO0","href":"https:\/\/api.spotify.com\/v1\/artists\/1VPmR4DJC1PlOtd0IADAO0","uri":"spotify:artist:1VPmR4DJC1PlOtd0IADAO0","images":"[{\"url\": \"https:\/\/i.scdn.co\/image\/ab6761610000e5eb9ba0b850b7288dd4a39745c0\", \"width\": 640, \"height\": 640}, {\"url\": \"https:\/\/i.scdn.co\/image\/ab676161000051749ba0b850b7288dd4a39745c0\", \"width\": 320, \"height\": 320}, {\"url\": \"https:\/\/i.scdn.co\/image\/ab6761610000f1789ba0b850b7288dd4a39745c0\", \"width\": 160, \"height\": 160}]","genres":"[\"cloud rap\", \"dark trap\", \"new orleans rap\", \"underground hip hop\"]","popularity":84,"followers":0,"count":1886},{"id":"4V8LLVI7PbaPR0K2TGSxFF","name":"Tyler, The Creator","spotify_url":"https:\/\/open.spotify.com\/artist\/4V8LLVI7PbaPR0K2TGSxFF","href":"https:\/\/api.spotify.com\/v1\/artists\/4V8LLVI7PbaPR0K2TGSxFF","uri":"spotify:artist:4V8LLVI7PbaPR0K2TGSxFF","images":"[{\"url\": \"https:\/\/i.scdn.co\/image\/ab6761610000e5eb8278b782cbb5a3963db88ada\", \"width\": 640, \"height\": 640}, {\"url\": \"https:\/\/i.scdn.co\/image\/ab676161000051748278b782cbb5a3963db88ada\", \"width\": 320, \"height\": 320}, {\"url\": \"https:\/\/i.scdn.co\/image\/ab6761610000f1788278b782cbb5a3963db88ada\", \"width\": 160, \"height\": 160}]","genres":"[\"hip hop\", \"rap\"]","popularity":82,"followers":0,"count":1856},{"id":"7GlBOeep6PqTfFi59PTUUN","name":"Chappell Roan","spotify_url":"https:\/\/open.spotify.com\/artist\/7GlBOeep6PqTfFi59PTUUN","href":"https:\/\/api.spotify.com\/v1\/artists\/7GlBOeep6PqTfFi59PTUUN","uri":"spotify:artist:7GlBOeep6PqTfFi59PTUUN","images":"[{\"url\": \"https:\/\/i.scdn.co\/image\/ab6761610000e5ebcde5a0d57c1b79de5fce6bee\", \"width\": 640, \"height\": 640}, {\"url\": \"https:\/\/i.scdn.co\/image\/ab67616100005174cde5a0d57c1b79de5fce6bee\", \"width\": 320, \"height\": 320}, {\"url\": \"https:\/\/i.scdn.co\/image\/ab6761610000f178cde5a0d57c1b79de5fce6bee\", \"width\": 160, \"height\": 160}]","genres":"[\"indie pop\", \"springfield mo indie\"]","popularity":60,"followers":0,"count":1683},{"id":"6Ghvu1VvMGScGpOUJBAHNH","name":"Deftones","spotify_url":"https:\/\/open.spotify.com\/artist\/6Ghvu1VvMGScGpOUJBAHNH","href":"https:\/\/api.spotify.com\/v1\/artists\/6Ghvu1VvMGScGpOUJBAHNH","uri":"spotify:artist:6Ghvu1VvMGScGpOUJBAHNH","images":"[{\"url\": \"https:\/\/i.scdn.co\/image\/ab6761610000e5eb4b2da0b72cab26ac518f1f0d\", \"width\": 640, \"height\": 640}, {\"url\": \"https:\/\/i.scdn.co\/image\/ab676161000051744b2da0b72cab26ac518f1f0d\", \"width\": 320, \"height\": 320}, {\"url\": \"https:\/\/i.scdn.co\/image\/ab6761610000f1784b2da0b72cab26ac518f1f0d\", \"width\": 160, \"height\": 160}]","genres":"[\"alternative metal\", \"nu metal\", \"rap metal\", \"rock\", \"sacramento indie\"]","popularity":76,"followers":0,"count":1639},{"id":"5t5FqBwTcgKTaWmfEbwQY9","name":"ENHYPEN","spotify_url":"https:\/\/open.spotify.com\/artist\/5t5FqBwTcgKTaWmfEbwQY9","href":"https:\/\/api.spotify.com\/v1\/artists\/5t5FqBwTcgKTaWmfEbwQY9","uri":"spotify:artist:5t5FqBwTcgKTaWmfEbwQY9","images":"[{\"url\": \"https:\/\/i.scdn.co\/image\/ab6761610000e5eb6a48a236a01fa62db8c7a6f6\", \"width\": 640, \"height\": 640}, {\"url\": \"https:\/\/i.scdn.co\/image\/ab676161000051746a48a236a01fa62db8c7a6f6\", \"width\": 320, \"height\": 320}, {\"url\": \"https:\/\/i.scdn.co\/image\/ab6761610000f1786a48a236a01fa62db8c7a6f6\", \"width\": 160, \"height\": 160}]","genres":"[\"anime\", \"k-pop boy group\"]","popularity":77,"followers":0,"count":1594}]